<?xml version="1.0" encoding="UTF-8"?>
<!DOCTYPE mapper
 PUBLIC "-//mybatis.org//DTD Mapper 3.0//EN"
 "http://mybatis.org/dtd/mybatis-3-mapper.dtd">
<mapper namespace="memberSQL">
	<!-- 회원가입 -->
	<insert id="memberWrite" parameterType="member">
		insert into member values(#{name}
								, #{id}
								, #{pwd}
								, #{gender}
								, #{email1}
								, #{email2}
								, #{tel1}
								, #{tel2}
								, #{tel3}
								, #{zipcode}
								, #{addr1}
								, #{addr2}
								, sysdate)
	</insert>
	
	<!-- 아이디중복체크 -->
	<select id="isExistId" parameterType="String" resultType="member">
		select * from member where id=#{id}
	</select>
	
	<!-- 로그인 -->
	<select id="memberLogin" parameterType="java.util.Map" resultType="member">
		select * from member where id=#{id} and pwd=#{pwd}
	</select>
	
	<!-- 정보가져오기 -->
	<select id="getInformation" parameterType="java.lang.String" resultType="member">
		select * from member where id=#{id}
	</select>
	
	<update id="memberUpdate" parameterType="member">
	      <![CDATA[
      update member set name = #{name},
              pwd = #{pwd},
              gender = #{gender},
              email1 = #{email1},
              email2 = #{email2},
              tel1 = #{tel1},
              tel2 = #{tel2},
              tel3 = #{tel3},
              zipcode = #{zipcode},
              addr1 = #{addr1},
              addr2 = #{addr2},
              logtime = sysdate
      where id = #{id}
      ]]>
	</update>
</mapper>












